City,Rank,Country,Cost of Living Plus Rent,Latitude,Longitude
London,1,United Kingdom,75.7,51.605666400000004,-0.0016670199849351387
Paris,2,France,61.7,48.8296376,2.3776098
New York,3,"NY, United States",100.0,40.9342592,-73.38878925536912
Tokyo,4,Japan,51.6,35.8521914,139.749237
Dubai,5,United Arab Emirates,57.0,25.127321199999997,55.15194864572982
Barcelona,6,Spain,46.3,41.4119484,2.2041249
Rome,7,Italy,50.9,41.71683955,12.44445848242766
Madrid,8,Spain,41.3,40.4603754,-3.5733891
Singapore,9,Singapore,94.2,1.4325704,103.7741243
Amsterdam,10,Netherlands,59.0,52.361618050000004,4.896273195181582
Prague,11,Czech Republic,45.6,50.0759932,14.432893
Los Angeles,12,"CA, United States",76.9,34.14967985,-118.33916414266494
Chicago,13,"IL, United States",69.5,41.880958,-87.6360198
San Francisco,14,"CA, United States",95.5,37.7790262,-122.419906
Berlin,15,Germany,56.0,52.4798497,13.3244702
Hong Kong,16,Hong Kong (China),69.6,22.462450150000002,114.15557534999999
Washington,17,"DC, United States",78.0,38.891705,-77.010543
Beijing,18,China,39.0,39.89003235,116.64473299999999
Dublin,19,Ireland,70.8,53.3171019,-6.2731391
Istanbul,20,Turkey,32.0,41.0109834,29.12750010222977
Las Vegas,21,"NV, United States",59.4,36.1672559,-115.148516
Milan,22,Italy,58.9,45.4973016,9.145729778585373
Budapest,23,Hungary,34.8,47.469635,18.9968315
Toronto,24,Canada,61.1,44.1056751,-79.1239231
Sydney,25,Australia,71.8,-33.90866455,151.2252335
Seoul,26,South Korea,54.5,37.5449756,126.86647569752564
Doha,27,Qatar,53.3,25.2856329,51.5264162
Abu Dhabi,28,United Arab Emirates,51.5,24.3940301,54.4938964
Osaka,29,Japan,40.4,34.698377699999995,135.5774992893472
Bangkok,30,Thailand,36.4,13.7238541,100.5700168
Vienna,31,Austria,45.7,48.206745049999995,16.477458944296068
San Diego,32,"CA, United States",82.9,32.7174202,-117.1627728
Sao Paulo,33,Brazil,30.5,-22.8607096,-46.969592752466454
Melbourne,34,Australia,61.9,-37.7752901,144.9787684
Zurich,35,Switzerland,101.5,47.5367165,8.684910880257187
Boston,36,"MA, United States",82.2,42.5936437,-71.29818020758898
Lisbon,37,Portugal,44.2,38.68539425,-9.344276763149708
Warsaw,38,Poland,37.7,52.33335035,20.9345827
Seattle,39,"WA, United States",83.0,47.48283275,-123.2445597364865
Orlando,40,"FL, United States",63.9,28.4362637,-81.3151008
Munich,41,Germany,59.7,48.151145,11.5778655
Houston,42,"TX, United States",57.5,30.9104924,-99.7802978
Austin,43,"TX, United States",71.2,30.2181034,-97.8850059
Buenos Aires,44,Argentina,21.2,-35.18522662857143,-59.09723128571429
Naples,45,Italy,38.7,40.8358846,14.2487679
Copenhagen,46,Denmark,66.3,55.660757,12.569579
Dallas,47,"TX, United States",66.3,32.1912891,-96.8784197
Helsinki,48,Finland,51.3,60.3289617,25.0139946
Frankfurt,49,Germany,53.6,51.1881911,14.4212387
Atlanta,50,"GA, United States",63.8,33.9619813,-84.3577317
Stockholm,51,Sweden,56.4,59.2737003,18.0378449
Miami,52,"FL, United States",78.0,25.3975711,-80.6591092
Athens,53,Greece,40.8,38.0237611,23.7497504
Rio de Janeiro,54,Brazil,27.5,-22.927279,-43.2267775
Hamburg,55,Germany,52.2,53.562028749999996,9.961468063867784
Denver,56,"CO, United States",68.7,39.73933085,-105.00608285231408
Montreal,57,Canada,48.5,45.5397105,-73.6429281
Brussels,58,Belgium,51.8,50.8553857,4.375621372734628
Tel Aviv,59,Israel,61.2,32.8245692,34.989916
Oslo,60,Norway,59.7,59.9307414,10.7144716
Taipei,61,Taiwan,39.7,25.062674,121.5265984
Valencia,62,Spain,37.8,39.147609349999996,-0.4277878831127968
Minneapolis,63,"MN, United States",64.3,45.02374271428572,-93.280958
Philadelphia,64,"PA, United States",66.0,39.96867415,-75.12201634405719
Calgary,65,Canada,54.8,51.127255250000005,-114.26938523019211
Portland,66,"OR, United States",70.3,45.5204068,-122.6716819
Nashville,67,"TN, United States",68.7,29.8242366,-95.2845581
Auckland,68,New Zealand,59.0,-36.8672632,174.7614818
Vancouver,69,Canada,63.2,49.3752654,-123.2711803
Santiago,70,Chile,34.9,-33.0584349,-70.7148392
Mexico City,71,Mexico,33.7,19.4216525,-99.0807159
Mumbai,72,India,22.2,19.0785451,72.878176
Shanghai,73,China,40.1,31.1546796,121.8065549
San Jose,74,"CA, United States",81.2,37.3102218,-121.9052947
San Jose,74,Costa Rica,39.1,9.9325427,-84.0795782
Lyon,75,France,51.5,45.6228763,5.0389825
Bilbao,76,Spain,43.8,43.2601116,-2.9592777
Liverpool,77,United Kingdom,46.8,53.3444115,-2.85161965
New Orleans,78,"LA, United States",63.8,60.7620283,-151.1766241
Brisbane,79,Australia,63.0,-27.4696154,153.0680924
Manchester,80,United Kingdom,50.3,53.455452449999996,-2.25799628676049
Seville,82,Spain,35.6,37.3898804,-5.9744805
Riyadh,83,Saudi Arabia,38.2,24.638916,46.7160104
Jerusalem,84,Israel,53.7,31.7381993,35.1960325
Nanjing,85,China,25.0,32.0615513,118.7915619
Minsk,86,Belarus,25.0,53.34199445,27.62430177953002
Phoenix,88,"AZ, United States",61.2,33.3831345,-112.1907156
Jakarta,89,Indonesia,26.7,-6.12112185,106.93142970245589
Gothenburg,90,Sweden,45.6,57.78295355,12.048983435323365
Perth,91,Australia,62.5,-31.9357783,115.8652846
Glasgow,92,United Kingdom,47.5,55.903318549999995,-4.330503151109767
Baltimore,94,"MD, United States",58.2,39.4015854,-76.48174930162969
Stuttgart,95,Germany,48.7,48.6896213,9.2068479
Ottawa,96,Canada,56.0,45.384489,-75.7665344
Hanoi,97,Vietnam,24.8,21.0648587,105.8346429
Cologne,99,Germany,49.4,50.938361,6.959974
Marseille,100,France,45.7,43.286365950000004,5.396246134120829
